participant,participant_id,audio_path,transcript_path,has_features,status
667_P,667,D:\NCKH_DATATEAM\dataset\E-DAIC\667_P\667_AUDIO.wav,D:\NCKH_DATATEAM\dataset\E-DAIC\667_P\667_Transcript.csv,True,valid
669_P,669,D:\NCKH_DATATEAM\dataset\E-DAIC\669_P\669_AUDIO.wav,D:\NCKH_DATATEAM\dataset\E-DAIC\669_P\669_Transcript.csv,True,valid
670_P,670,D:\NCKH_DATATEAM\dataset\E-DAIC\670_P\670_AUDIO.wav,D:\NCKH_DATATEAM\dataset\E-DAIC\670_P\670_Transcript.csv,True,valid
673_P,673,D:\NCKH_DATATEAM\dataset\E-DAIC\673_P\673_AUDIO.wav,D:\NCKH_DATATEAM\dataset\E-DAIC\673_P\673_Transcript.csv,True,valid
676_P,676,D:\NCKH_DATATEAM\dataset\E-DAIC\676_P\676_AUDIO.wav,D:\NCKH_DATATEAM\dataset\E-DAIC\676_P\676_Transcript.csv,True,valid
677_P,677,D:\NCKH_DATATEAM\dataset\E-DAIC\677_P\677_AUDIO.wav,D:\NCKH_DATATEAM\dataset\E-DAIC\677_P\677_Transcript.csv,True,valid
679_P,679,D:\NCKH_DATATEAM\dataset\E-DAIC\679_P\679_AUDIO.wav,D:\NCKH_DATATEAM\dataset\E-DAIC\679_P\679_Transcript.csv,True,valid
680_P,680,D:\NCKH_DATATEAM\dataset\E-DAIC\680_P\680_AUDIO.wav,D:\NCKH_DATATEAM\dataset\E-DAIC\680_P\680_Transcript.csv,True,valid
682_P,682,D:\NCKH_DATATEAM\dataset\E-DAIC\682_P\682_AUDIO.wav,D:\NCKH_DATATEAM\dataset\E-DAIC\682_P\682_Transcript.csv,True,valid
683_P,683,D:\NCKH_DATATEAM\dataset\E-DAIC\683_P\683_AUDIO.wav,D:\NCKH_DATATEAM\dataset\E-DAIC\683_P\683_Transcript.csv,True,valid
684_P,684,D:\NCKH_DATATEAM\dataset\E-DAIC\684_P\684_AUDIO.wav,D:\NCKH_DATATEAM\dataset\E-DAIC\684_P\684_Transcript.csv,True,valid
687_P,687,D:\NCKH_DATATEAM\dataset\E-DAIC\687_P\687_AUDIO.wav,D:\NCKH_DATATEAM\dataset\E-DAIC\687_P\687_Transcript.csv,True,valid
688_P,688,D:\NCKH_DATATEAM\dataset\E-DAIC\688_P\688_AUDIO.wav,D:\NCKH_DATATEAM\dataset\E-DAIC\688_P\688_Transcript.csv,True,valid
689_P,689,D:\NCKH_DATATEAM\dataset\E-DAIC\689_P\689_AUDIO.wav,D:\NCKH_DATATEAM\dataset\E-DAIC\689_P\689_Transcript.csv,True,valid
691_P,691,D:\NCKH_DATATEAM\dataset\E-DAIC\691_P\691_AUDIO.wav,D:\NCKH_DATATEAM\dataset\E-DAIC\691_P\691_Transcript.csv,True,valid
698_P,698,D:\NCKH_DATATEAM\dataset\E-DAIC\698_P\698_AUDIO.wav,D:\NCKH_DATATEAM\dataset\E-DAIC\698_P\698_Transcript.csv,True,valid
699_P,699,D:\NCKH_DATATEAM\dataset\E-DAIC\699_P\699_AUDIO.wav,D:\NCKH_DATATEAM\dataset\E-DAIC\699_P\699_Transcript.csv,True,valid
702_P,702,D:\NCKH_DATATEAM\dataset\E-DAIC\702_P\702_AUDIO.wav,D:\NCKH_DATATEAM\dataset\E-DAIC\702_P\702_Transcript.csv,True,valid
703_P,703,D:\NCKH_DATATEAM\dataset\E-DAIC\703_P\703_AUDIO.wav,D:\NCKH_DATATEAM\dataset\E-DAIC\703_P\703_Transcript.csv,True,valid
705_P,705,D:\NCKH_DATATEAM\dataset\E-DAIC\705_P\705_AUDIO.wav,D:\NCKH_DATATEAM\dataset\E-DAIC\705_P\705_Transcript.csv,True,valid
707_P,707,D:\NCKH_DATATEAM\dataset\E-DAIC\707_P\707_AUDIO.wav,D:\NCKH_DATATEAM\dataset\E-DAIC\707_P\707_Transcript.csv,True,valid
709_P,709,D:\NCKH_DATATEAM\dataset\E-DAIC\709_P\709_AUDIO.wav,D:\NCKH_DATATEAM\dataset\E-DAIC\709_P\709_Transcript.csv,True,valid
710_P,710,D:\NCKH_DATATEAM\dataset\E-DAIC\710_P\710_AUDIO.wav,D:\NCKH_DATATEAM\dataset\E-DAIC\710_P\710_Transcript.csv,True,valid
712_P,712,D:\NCKH_DATATEAM\dataset\E-DAIC\712_P\712_AUDIO.wav,D:\NCKH_DATATEAM\dataset\E-DAIC\712_P\712_Transcript.csv,True,valid
713_P,713,D:\NCKH_DATATEAM\dataset\E-DAIC\713_P\713_AUDIO.wav,D:\NCKH_DATATEAM\dataset\E-DAIC\713_P\713_Transcript.csv,True,valid
715_P,715,D:\NCKH_DATATEAM\dataset\E-DAIC\715_P\715_AUDIO.wav,D:\NCKH_DATATEAM\dataset\E-DAIC\715_P\715_Transcript.csv,True,valid
716_P,716,D:\NCKH_DATATEAM\dataset\E-DAIC\716_P\716_AUDIO.wav,D:\NCKH_DATATEAM\dataset\E-DAIC\716_P\716_Transcript.csv,True,valid
717_P,717,D:\NCKH_DATATEAM\dataset\E-DAIC\717_P\717_AUDIO.wav,D:\NCKH_DATATEAM\dataset\E-DAIC\717_P\717_Transcript.csv,True,valid
718_P,718,D:\NCKH_DATATEAM\dataset\E-DAIC\718_P\718_AUDIO.wav,D:\NCKH_DATATEAM\dataset\E-DAIC\718_P\718_Transcript.csv,True,valid
